,Project Full Name,Project Status,Project Startdate,Project Enddate,PR Number,Merged PR Number,First PR Created Time,Comment Length,Merge Frequency,Issue Comment Number,Review Comment Number,Commits number,Stars,Forks,size,contributor,average_additions,average_deletions,average_pr_changed_files,average_pr_commits_count,average_pr_comments_count,average_pr_review_coments_count,average_total_comments,merged_average_additions,merged_average_deletions,merged_average_pr_changed_files,merged_average_pr_commits_count,merged_average_pr_comments_count,merged_average_pr_review_coments_count,merged_average_total_comments
1,apache/Airflow,1,3/31/16,12/19/18,14061,9941,4/20/15 21:52,0,0,40000,41972,14056,23673,9559,137059,416,299.0935300033523,139.46765001676164,6.7435467650016765,3.2427086825343614,4.927924907810929,2.2075092189071404,7.135434126718069,118.05203045685279,113.49111675126903,4.318527918781726,1.5114213197969544,4.798223350253807,4.798223350253807,9.596446700507615
2,apache/Ambari,1,8/30/11,11/20/13,3235,2913,5/16/13 9:53,0,0,8527,2851,24588,1561,1340,365411,129,8932.333333333334,133.33333333333334,81.0,9.0,0.3333333333333333,0.0,0.3333333333333333,0,0,0,0,0,0,0
3,apache/apex-core,1,8/17/15,4/20/16,604,470,8/25/15 23:43,0,0,1772,3561,6122,347,180,14807,41,237.3653846153846,64.375,7.227564102564102,3.8621794871794872,2.4038461538461537,2.871794871794872,5.2756410256410255,153.04526748971193,63.641975308641975,6.670781893004115,1.8559670781893005,2.3580246913580245,2.3580246913580245,4.716049382716049
4,apache/APISIX,1,10/17/19,7/15/20,2786,2404,5/5/19 8:14,0,0,12980,8235,2578,7372,1340,24303,236,196.0546357615894,25.753311258278146,5.375827814569536,3.415562913907285,1.5115894039735098,2.4304635761589406,3.94205298013245,98.25346534653465,18.641584158415842,4.299009900990099,3.095049504950495,1.3247524752475248,1.3247524752475248,2.6495049504950496
5,apache/AsterixDB,1,2/28/15,4/20/16,11,0,1/14/16 1:21,0,0,6,3,8582,213,115,181003,53,7430.0,2207.0,221.0,73.0,0.0,0.0,0.0,0,0,0,0,0,0,0
6,apache/Atlas,1,5/5/15,6/21/17,93,25,9/26/17 22:44,0,0,243,71,3608,1053,604,62659,109,0,0,0,0,0,0,0.0,0,0,0,0,0,0,0
7,apache/Aurora,1,10/1/13,3/18/15,66,40,12/9/13 19:31,0,0,126,110,4091,622,241,30334,92,80.75,38.8125,35.6875,1.25,1.5,0.0625,1.5625,0.0,0.0,0.0,0.0,2.0,2.0,4.0
8,apache/incubator-batchee,1,10/3/13,12/10/19,3,0,4/8/14 2:13,0,0,1,0,273,12,18,1584,5,12.666666666666666,8.333333333333334,4.0,1.3333333333333333,0.3333333333333333,0.0,0.3333333333333333,0,0,0,0,0,0,0
9,apache/Beam,1,2/1/16,12/21/16,15720,10700,2/26/16 21:57,0,0,40000,69123,33494,5066,3244,251011,309,772.4286570743405,195.47721822541968,15.331534772182254,7.5731414868105515,5.161870503597123,5.930455635491607,11.09232613908873,1112.2033492822966,317.0047846889952,21.657894736842106,13.397129186602871,5.423444976076555,5.423444976076555,10.84688995215311
10,apache/Calcite,1,5/19/14,10/22/15,2388,673,7/3/14 19:29,0,0,4515,9153,4762,2751,1507,75982,263,591.4493670886076,137.0253164556962,15.044303797468354,1.6455696202531647,1.0126582278481013,0.5063291139240507,1.518987341772152,497.3333333333333,239.0,18.333333333333332,2.0,0.5,0.5,1.0
11,apache/CarbonData,1,6/2/16,4/19/17,4083,179,6/28/16 8:30,0,0,40000,21180,4916,1276,686,83325,176,1029.4721189591078,784.8413878562577,19.741016109045848,3.1028500619578687,5.4721189591078065,2.641883519206939,8.114002478314745,348.9846153846154,1412.3,29.346153846153847,2.3615384615384616,4.115384615384615,4.115384615384615,8.23076923076923
13,apache/commons-rdf,1,3/6/15,11/28/16,57,37,3/28/15 10:59,0,0,185,259,1303,30,41,2516,14,891.2962962962963,404.51851851851853,16.22222222222222,18.074074074074073,4.037037037037037,9.037037037037036,13.074074074074073,1041.5555555555557,605.6666666666666,20.72222222222222,18.11111111111111,3.7222222222222223,3.7222222222222223,7.444444444444445
14,apache/Crunch,1,5/26/12,2/20/13,26,12,11/20/13 18:27,0,0,24,20,1093,100,85,7595,33,0,0,0,0,0,0,13.074074074074073,0,0,0,0,0,0,0
15,apache/Daffodil,1,8/27/17,2/17/21,666,609,10/28/17 16:16,0,0,925,6473,3573,60,52,175936,29,1801.6838842975208,3838.4235537190084,23.24173553719008,1.3553719008264462,1.2293388429752066,10.084710743801653,11.314049586776859,1266.8314350797266,3571.0637813211847,19.52619589977221,1.0979498861047836,1.2072892938496582,1.2072892938496582,2.4145785876993164
16,apache/DataFu,1,1/5/14,2/21/18,7,1,8/5/14 10:01,0,0,22,54,576,84,58,30274,25,172.33333333333334,4.0,3.0,2.6666666666666665,2.6666666666666665,1.6666666666666667,4.333333333333333,0,0,0,0,0,0,0
17,apache/Deltacloud,1,5/19/10,10/26/11,4,0,5/23/11 13:04,0,0,9,0,2674,73,24,14089,18,15671.0,6586.0,326.0,116.33333333333333,3.0,0.0,3.0,0,0,0,0,0,0,0
18,apache/DirectMemory,1,10/5/11,8/15/12,1,0,11/26/11 14:59,0,0,0,0,642,51,26,4560,7,6.0,0.0,2.0,3.0,0.0,0.0,0.0,0,0,0,0,0,0,0
19,apache/DistributedLog,1,6/24/16,7/1/17,184,5,7/25/16 2:12,0,0,524,160,249,169,71,11843,25,804.5037593984962,226.45112781954887,23.984962406015036,3.8646616541353382,2.789473684210526,0.7142857142857143,3.5037593984962405,0,0,0,0,0,0,0
20,apache/DolphinScheduler,1,8/29/19,3/17/21,3541,2943,4/1/19 8:46,0,0,15216,2119,5401,6677,2412,91779,247,1164.4029227557412,813.3528183716076,23.936534446764092,23.60918580375783,1.8755741127348644,0.5164926931106472,2.3920668058455115,648.3634961439589,500.8668380462725,15.07814910025707,22.420051413881747,1.7439588688946015,1.7439588688946015,3.487917737789203
21,apache/Drill,1,8/11/12,11/19/14,2274,561,10/24/12 9:18,0,0,7283,20025,4072,1607,899,130549,145,1609.768115942029,85.3913043478261,21.492753623188406,4.0144927536231885,0.8405797101449275,0.15942028985507245,1.0,1105.857142857143,42.0,19.857142857142858,2.2857142857142856,0.14285714285714285,0.14285714285714285,0.2857142857142857
22,apache/Druid,1,2/28/18,12/18/19,7545,6619,10/24/12 17:02,0,0,35449,44724,11336,11324,3082,235777,372,841.4356113435612,363.74523477452345,24.934449093444908,5.274291027429102,2.3444909344490936,5.560204556020456,7.90469549046955,369.4701882845188,192.27248953974896,17.17887029288703,3.973326359832636,2.075313807531381,2.075313807531381,4.150627615062762
23,apache/Dubbo,1,2/16/18,5/15/19,4337,2896,7/4/12 7:46,0,0,21672,3753,5181,36425,24263,37456,364,564.9317147192717,782.8201820940819,21.528072837632777,5.407435508345979,2.2473444613050075,1.4446130500758725,3.6919575113808802,246.11058823529413,205.25529411764705,12.249411764705883,4.123529411764705,2.344705882352941,2.344705882352941,4.689411764705882
24,apache/Eagle,1,10/26/15,12/21/16,994,22,11/18/15 20:13,0,0,1185,401,1050,411,191,35666,30,1573.864,454.3346666666667,31.945333333333334,4.913333333333333,1.168,0.356,1.524,1714.095238095238,1452.857142857143,33.095238095238095,2.1904761904761907,1.4285714285714286,1.4285714285714286,2.857142857142857
26,apache/Falcon,1,3/27/13,12/17/14,403,0,4/29/14 15:58,0,0,940,1441,2227,96,113,31743,28,240.5,27.75,5.75,1.5,1.5,0.0,1.5,0,0,0,0,0,0,0
27,apache/Fineract,1,12/15/15,4/19/17,1953,1453,2/1/16 10:55,0,0,4204,2148,6346,659,898,52004,158,1107.2530120481927,161.8765060240964,22.897590361445783,2.9096385542168677,0.46686746987951805,0.9186746987951807,1.3855421686746987,370.5052631578947,73.52105263157895,9.226315789473684,1.0210526315789474,0.19473684210526315,0.19473684210526315,0.3894736842105263
28,apache/Flink,1,4/14/14,12/17/14,17026,5032,6/10/14 16:51,0,0,40000,103228,28834,17495,9808,416014,282,1236.6494464944649,558.7822878228782,27.649446494464943,6.014760147601476,4.394833948339484,2.2767527675276753,6.671586715867159,4423.545454545455,3295.5,88.27272727272727,7.545454545454546,8.5,8.5,17.0
29,apache/Flume,1,6/13/11,6/20/12,228,21,10/30/12 14:17,0,0,681,479,1818,2187,1461,44453,49,0,0,0,0,0,0,6.671586715867159,0,0,0,0,0,0,0
30,apache/Fluo,1,5/17/16,7/19/17,529,488,6/19/14 0:47,0,0,1661,1781,1002,169,77,4402,25,188.35185185185185,140.15740740740742,12.37962962962963,1.6944444444444444,1.3703703703703705,3.2777777777777777,4.648148148148148,173.23469387755102,140.24489795918367,12.346938775510203,1.5204081632653061,1.3265306122448979,1.3265306122448979,2.6530612244897958
32,apache/Geode,1,4/27/15,11/16/16,7049,5097,5/4/15 20:42,0,0,6714,19052,10718,2004,640,208643,130,15110.367132867133,4720.699300699301,89.62937062937063,5.101398601398602,1.3846153846153846,0.6258741258741258,2.0104895104895104,50098.76315789474,1380.842105263158,147.97368421052633,1.8421052631578947,1.368421052631579,1.368421052631579,2.736842105263158
33,apache/Gobblin,1,2/23/17,1/20/21,3020,1668,2/4/15 20:01,0,0,5692,12327,5874,1988,711,130062,92,2004.8417366946778,158.19607843137254,18.636554621848738,2.9054621848739495,1.1106442577030813,3.3186274509803924,4.429271708683474,8689.793442622951,579.4524590163934,63.898360655737704,2.363934426229508,0.7213114754098361,0.7213114754098361,1.4426229508196722
34,apache/Griffin,1,12/5/16,11/21/18,592,8,3/3/17 9:21,0,0,572,400,638,856,530,28267,50,11199.96288209607,6495.903930131004,100.7707423580786,54.700873362445414,0.33406113537117904,0.33406113537117904,0.6681222707423581,0,0,0,0,0,0,0
35,apache/Groovy,1,3/17/15,11/18/15,1628,601,4/19/15 4:14,0,0,3231,928,19017,4329,1638,201734,336,88.6544502617801,24.3717277486911,2.900523560209424,1.7853403141361257,2.7539267015706805,0.3403141361256545,3.094240837696335,649.5,37.125,5.875,5.375,1.375,1.375,2.75
36,apache/guacamole-client,1,2/10/16,11/15/17,621,537,3/29/16 4:10,0,0,1677,2860,5928,891,453,20866,63,580.0242718446602,441.9271844660194,14.58252427184466,4.495145631067961,2.70873786407767,5.334951456310679,8.04368932038835,607.8877005347593,481.72727272727275,15.283422459893048,4.352941176470588,2.3262032085561497,2.3262032085561497,4.652406417112299
37,apache/HAWQ,1,9/4/15,8/15/18,1504,381,9/21/15 19:18,0,0,3548,2596,1726,627,310,179541,68,2915.161010830325,1461.498916967509,18.84837545126354,1.9075812274368231,2.391335740072202,1.8267148014440433,4.218050541516245,852.297213622291,75.19814241486068,8.201238390092879,1.08359133126935,2.0804953560371517,2.0804953560371517,4.1609907120743035
38,apache/Hudi,1,1/17/19,5/20/20,2708,2181,12/17/16 3:34,0,0,16836,17402,2048,2449,1074,83036,207,1056.3013544018058,689.8069977426636,19.64785553047404,2.9221218961625284,3.3487584650112865,5.378103837471783,8.72686230248307,516.2264665757162,444.6507503410641,14.73806275579809,1.8035470668485676,3.0613915416098227,3.0613915416098227,6.1227830832196455
39,apache/Iceberg,1,11/16/18,5/20/20,2077,1754,11/20/18 17:05,0,0,12580,24661,2024,2129,814,23991,188,1000.5380116959064,89.91520467836257,11.710526315789474,3.675438596491228,3.473684210526316,8.426900584795321,11.900584795321638,1080.1755319148936,76.74468085106383,9.907801418439716,3.5868794326241136,3.1648936170212765,3.1648936170212765,6.329787234042553
40,apache/Ignite,1,10/1/14,9/18/15,8733,1057,4/24/15 17:29,0,0,2806,17243,27765,4009,1723,407252,253,2669.757575757576,96.62626262626263,21.92929292929293,11.868686868686869,0.30303030303030304,0.010101010101010102,0.31313131313131315,55.72727272727273,10.818181818181818,2.1818181818181817,1.1818181818181819,0.0,0.0,0.0
41,apache/Impala,1,12/3/15,11/15/17,22,0,1/27/17 14:45,0,0,26,0,9990,712,338,195391,143,137.85714285714286,34.285714285714285,12.0,3.2857142857142856,1.0,0.0,1.0,0,0,0,0,0,0,0
42,apache/IoTDB,1,11/18/18,9/18/20,3817,3285,1/17/19 18:06,0,0,4891,11124,5361,1642,505,61664,148,581.5027059530968,401.19122068550814,18.35237522549609,11.901383042693926,0.9200240529164161,4.320505111244739,5.240529164161154,379.7743300423131,308.4612129760226,13.547954866008462,8.052186177715091,0.9125528913963329,0.9125528913963329,1.8251057827926658
43,apache/Johnzon,1,6/9/14,4/20/16,54,35,1/12/15 12:41,0,0,266,113,838,37,60,2977,22,18.0,0.5,3.5,1.0,2.0,0.0,2.0,0,0,0,0,0,0,0
44,apache/Joshua,1,2/13/16,10/17/18,85,74,3/31/16 9:03,0,0,241,58,4256,92,64,362742,35,753.9113924050633,1157.3291139240507,43.70886075949367,3.367088607594937,2.8860759493670884,0.7341772151898734,3.620253164556962,778.9411764705883,884.1323529411765,29.073529411764707,3.3088235294117645,2.6911764705882355,2.6911764705882355,5.382352941176471
45,apache/Juneau,1,6/24/16,10/18/17,55,50,5/24/17 1:14,0,0,103,19,2726,68,39,332880,15,6.333333333333333,1.3333333333333333,1.3333333333333333,1.0,0.0,2.6666666666666665,2.6666666666666665,0,0,0,0,0,0,0
46,apache/Kafka,1,7/4/11,10/23/12,10510,4935,8/14/12 19:28,0,0,40000,94216,9528,20313,10725,131605,337,35.0,4.0,2.0,1.0,1.0,0.0,1.0,0,0,0,0,0,0,0
47,apache/Knox,1,2/22/13,2/19/14,491,419,10/13/14 5:31,0,0,549,1761,2558,125,200,20808,59,0,0,0,0,0,0,1.0,0,0,0,0,0,0,0
48,apache/Kylin,1,11/25/14,11/18/15,1713,1320,1/16/15 7:22,0,0,4348,965,8711,3189,1422,305022,187,84843.23076923077,14679.153846153846,273.3076923076923,69.46153846153847,1.2307692307692308,0.0,1.2307692307692308,434.5,124.0,15.5,1.0,0.0,0.0,0.0
49,apache/Lens,1,10/10/14,8/19/15,23,5,11/17/14 11:11,0,0,8,43,2449,57,98,18225,38,537.6666666666666,180.11111111111111,18.0,16.88888888888889,0.3333333333333333,0.8888888888888888,1.222222222222222,0,0,0,0,0,0,0
51,apache/Lucene.NET,1,2/5/11,8/15/12,400,293,9/2/11 11:39,0,0,1319,394,6373,1689,585,173803,44,68713.25,8850.75,1579.75,33.25,0.25,0.0,0.25,0,0,0,0,0,0,0
52,apache/Lucy,1,7/22/10,2/22/12,54,42,9/21/12 22:17,0,0,17,6,3261,93,27,15711,11,0,0,0,0,0,0,0.25,0,0,0,0,0,0,0
53,apache/MADlib,1,9/15/15,7/19/17,570,158,11/5/15 0:54,0,0,2109,2156,2953,358,130,19998,50,355.39473684210526,199.28947368421052,4.7631578947368425,2.6907894736842106,2.6447368421052633,2.901315789473684,5.546052631578947,232.0,97.91666666666667,2.8333333333333335,1.4166666666666667,1.6666666666666667,1.6666666666666667,3.3333333333333335
54,apache/Mesos,1,12/23/10,6/19/13,389,44,8/7/13 20:19,0,0,702,422,18143,4805,1706,404191,306,0,0,0,0,0,0,5.546052631578947,0,0,0,0,0,0,0
55,apache/MetaModel,1,6/12/13,11/20/14,245,77,9/16/14 20:42,0,0,970,832,893,147,142,7220,34,776.75,120.5,11.25,12.75,3.0,13.75,16.75,162.0,37.0,7.0,8.0,4.0,4.0,8.0
56,apache/Metron,1,12/6/15,4/19/17,1558,9,12/9/15 19:24,0,0,8763,5614,1453,832,507,97572,60,1418.063551401869,819.0672897196262,30.254205607476635,8.142056074766355,5.671028037383177,3.502803738317757,9.173831775700934,7557.833333333333,1098.8333333333333,155.83333333333334,2.6666666666666665,10.333333333333334,10.333333333333334,20.666666666666668
57,apache/Mnemonic,1,3/3/16,11/15/17,233,208,3/30/16 5:36,0,0,80,59,611,101,59,2991,19,329.7012987012987,105.67532467532467,8.194805194805195,1.5194805194805194,0.23376623376623376,0.33766233766233766,0.5714285714285714,312.83870967741933,122.91935483870968,7.612903225806452,1.032258064516129,0.1774193548387097,0.1774193548387097,0.3548387096774194
58,apache/mynewt-core,1,10/20/15,6/21/17,2507,2243,2/17/16 0:44,0,0,3138,2939,10279,679,325,176268,110,4964.567251461988,746.5029239766081,26.84795321637427,7.350877192982456,1.1111111111111112,0.6871345029239766,1.7982456140350878,4372.01646090535,190.10699588477365,14.164609053497943,4.790123456790123,0.8106995884773662,0.8106995884773662,1.6213991769547325
59,apache/NetBeans,1,10/1/16,4/17/19,3214,2712,9/16/17 17:26,0,0,9348,5294,6126,1717,647,345316,170,24970.88740617181,1092.4045037531275,266.97581317764804,4.309424520433695,3.0992493744787324,1.4103419516263553,4.509591326105088,4732.054470709147,1099.311408016444,165.5436793422405,2.4398766700924974,2.734840698869476,2.734840698869476,5.469681397738952
60,apache/NiFi,1,11/24/14,7/15/15,5419,353,12/20/14 3:49,0,0,16135,18131,6860,2865,2140,190504,318,779.2428571428571,1148.7142857142858,21.357142857142858,6.771428571428571,2.4,1.7428571428571429,4.142857142857142,341.4390243902439,267.3414634146341,9.073170731707316,3.926829268292683,1.7804878048780488,1.7804878048780488,3.5609756097560976
61,apache/olingo-odata4,1,7/8/13,3/19/14,40,21,8/8/14 23:58,0,0,59,15,1895,116,155,53661,25,0,0,0,0,0,0,4.142857142857142,0,0,0,0,0,0,0
62,apache/phoenix-omid,1,3/28/16,11/15/19,82,11,6/3/16 20:57,0,0,53,155,1315,69,43,4810,17,542.2222222222222,172.0888888888889,15.244444444444444,4.4222222222222225,0.1111111111111111,2.088888888888889,2.2,1250.5,322.75,26.5,8.625,0.0,0.0,0.0
63,apache/climate,1,2/15/13,2/19/14,527,451,3/8/14 21:01,0,0,1925,101,2241,134,112,35741,24,0,0,0,0,0,0,2.2,0,0,0,0,0,0,0
64,apache/OpenWhisk,1,11/23/16,7/17/19,3195,2082,2/19/16 19:19,0,0,17539,11526,2928,5458,1051,68282,188,133.53262518968134,93.75366717248356,6.009104704097117,2.862923621648963,3.615073343449671,3.805766312594841,7.420839656044512,130.41277472527472,99.69986263736264,5.864010989010989,2.6346153846153846,3.4512362637362637,3.4512362637362637,6.902472527472527
65,apache/parquet-cpp,1,5/20/14,4/22/15,496,0,10/28/14 19:15,0,0,1812,2481,502,360,184,2700,28,557.0,388.42857142857144,8.285714285714286,2.0,2.0,1.2857142857142858,3.2857142857142856,0,0,0,0,0,0,0
66,apache/Phoenix,1,12/11/13,5/21/14,1083,303,7/4/14 10:53,0,0,3374,8233,3573,904,922,72459,109,0,0,0,0,0,0,3.2857142857142856,0,0,0,0,0,0,0
67,apache/Pinot,1,10/17/18,7/21/21,6488,5927,11/10/14 22:32,0,0,11092,28950,8339,3651,784,229062,187,567.0687458081825,361.215291750503,15.451710261569417,2.6291079812206575,1.472166331321261,5.550301810865191,7.022468142186452,468.16407982261643,360.00554323725055,13.826311899482631,2.4408721359940873,1.377679231337768,1.377679231337768,2.755358462675536
68,apache/PLC4X,1,12/18/17,4/17/19,269,211,1/8/18 16:52,0,0,401,558,4412,420,176,134791,47,720.6315789473684,263.8070175438597,21.05263157894737,6.140350877192983,1.6666666666666667,2.754385964912281,4.421052631578948,427.5897435897436,106.48717948717949,13.897435897435898,3.6153846153846154,1.6153846153846154,1.6153846153846154,3.230769230769231
69,apache/PredictionIO,1,5/26/16,10/18/17,407,192,10/24/13 11:09,0,0,905,370,4495,12519,2021,36295,133,333.5986842105263,742.2828947368421,23.25,4.0,2.6973684210526314,0.9078947368421053,3.6052631578947367,408.53846153846155,159.84615384615384,53.23076923076923,5.538461538461538,2.923076923076923,2.923076923076923,5.846153846153846
71,apache/Ranger,1,7/24/14,1/18/17,38,0,1/8/15 7:54,0,0,162,15,3707,552,570,102045,79,72300.75,2617.0,146.5,44.0,1.5,0.0,1.5,0,0,0,0,0,0,0
72,apache/Ratis,1,1/3/17,2/17/21,502,396,5/23/18 6:29,0,0,1190,1278,1202,593,214,7243,53,110.00987654320987,55.8716049382716,7.246913580246914,2.669135802469136,2.2493827160493827,2.68641975308642,4.935802469135803,101.03960396039604,46.78547854785479,7.491749174917492,2.6303630363036303,2.1386138613861387,2.1386138613861387,4.2772277227722775
73,apache/REEF,1,8/12/14,11/18/15,1496,38,10/23/14 16:36,0,0,9098,12700,3875,95,104,40208,67,428.75963020030815,115.89676425269646,23.454545454545453,2.177195685670262,7.312788906009245,6.174114021571649,13.486902927580893,79.2,64.4,12.0,1.0,8.6,8.6,17.2
74,apache/RocketMQ,1,11/21/16,9/20/17,1542,696,12/21/16 10:23,0,0,8527,1808,1844,15836,8794,10864,287,461.97005988023955,58.73053892215569,12.263473053892216,4.544910179640719,9.407185628742514,2.7365269461077846,12.143712574850298,220.0,67.0,13.25,14.5,14.625,14.625,29.25
75,apache/Rya,1,9/18/15,9/18/19,307,36,11/22/15 21:20,0,0,1238,2177,460,101,78,8748,26,2381.1461794019933,3246.9368770764117,46.25581395348837,2.870431893687708,3.8970099667774085,7.106312292358804,11.003322259136212,2261.794117647059,2633.735294117647,60.11764705882353,1.8823529411764706,1.3529411764705883,1.3529411764705883,2.7058823529411766
76,apache/Samza,1,7/30/13,1/21/15,1506,499,4/15/15 8:41,0,0,1851,15928,2410,705,294,33226,124,0,0,0,0,0,0,11.003322259136212,0,0,0,0,0,0,0
78,apache/ShardingSphere,1,11/10/18,4/16/20,7786,7061,1/31/16 13:13,0,0,25329,5619,30672,14814,5129,434276,315,1508.6501319261213,770.1393139841689,36.38627968337731,27.75461741424802,1.2786279683377308,0.9145118733509234,2.1931398416886543,966.6642642642643,684.7519519519519,32.1015015015015,19.991591591591593,1.172972972972973,1.172972972972973,2.345945945945946
79,apache/SINGA,1,3/17/15,10/16/19,811,623,5/16/15 16:19,0,0,1647,1276,2360,2380,703,19708,56,1093.571157495256,1104.977229601518,18.08728652751423,6.0493358633776095,0.571157495256167,1.7381404174573054,2.3092979127134723,474.60358056265983,349.4092071611253,8.667519181585678,2.547314578005115,0.5575447570332481,0.5575447570332481,1.1150895140664963
80,apache/SkyWalking,1,12/8/17,4/17/19,3845,3328,3/28/16 12:26,0,0,26413,10065,6825,18092,5339,161191,378,592.6080305927343,482.95793499043975,23.173040152963672,5.2848948374761,2.5793499043977057,0.7734225621414914,3.3527724665391974,314.40557939914163,334.8551502145923,18.05579399141631,4.414163090128755,2.3648068669527897,2.3648068669527897,4.7296137339055795
82,apache/Sqoop,1,6/13/11,3/21/12,64,15,6/15/12 0:33,0,0,115,104,969,863,532,18789,23,0,0,0,0,0,0,3.3527724665391974,0,0,0,0,0,0,0
83,apache/Storm,1,9/18/13,9/17/14,3375,2607,12/11/13 18:27,0,0,14429,12199,10461,6294,4076,205453,281,1375.5390625,121.66796875,13.33984375,25.9609375,5.36328125,1.71484375,7.078125,1507.7577319587629,70.57731958762886,13.876288659793815,32.58247422680412,5.974226804123711,5.974226804123711,11.948453608247423
84,apache/Stratos,1,6/20/13,5/21/14,498,200,6/22/14 10:01,0,0,348,440,8951,152,111,67395,49,0,0,0,0,0,0,7.078125,0,0,0,0,0,0,0
85,apache/Streams,1,11/20/12,7/19/17,514,410,4/22/14 17:49,0,0,673,592,1781,69,42,147991,17,1113.8005390835579,465.4959568733154,22.118598382749326,7.708894878706199,1.5849056603773586,1.5390835579514826,3.123989218328841,431.46931407942236,379.98194945848377,14.84115523465704,3.0288808664259927,1.6498194945848375,1.6498194945848375,3.299638989169675
86,apache/Superset,1,5/21/17,11/19/20,9395,7773,7/23/15 6:12,0,0,40000,20503,8586,40000,8100,282442,440,3614.4473321519986,758.6495373104942,20.60563102973026,6.835991336877338,2.670998227997637,2.2512305571962985,4.922228785193935,821.5877600979193,725.7542227662178,6.421787025703795,3.222276621787026,2.553733170134639,2.553733170134639,5.107466340269278
87,apache/SystemML,1,11/2/15,5/18/17,1428,108,11/20/15 21:50,0,0,5440,2794,7578,881,405,328115,123,741.50796812749,492.3784860557769,19.58565737051793,3.0119521912350598,5.340637450199203,1.0219123505976095,6.362549800796813,286.75,302.0,14.0,1.0,1.25,1.25,2.5
88,apache/phoenix-tephra,1,3/7/16,11/15/19,90,1,9/2/16 22:47,0,0,191,429,419,28,50,5392,22,880.5333333333333,100.68,12.04,1.1866666666666668,2.3866666666666667,5.533333333333333,7.92,21.0,21.0,21.0,2.0,0.0,0.0,0.0
89,apache/Tez,1,2/24/13,7/16/14,112,47,8/7/14 18:43,0,0,376,167,2853,343,326,28735,39,0,0,0,0,0,0,7.92,0,0,0,0,0,0,0
90,apache/TinkerPop,1,1/16/15,5/23/16,1475,1133,2/8/15 1:24,0,0,5761,1798,17709,1427,681,173609,143,385.75632911392404,162.2246835443038,26.382911392405063,4.5474683544303796,3.598101265822785,0.2721518987341772,3.8702531645569622,352.58898305084745,111.7457627118644,17.466101694915253,4.127118644067797,3.4237288135593222,3.4237288135593222,6.8474576271186445
91,apache/trafficcontrol,1,7/12/16,5/16/18,4133,3093,10/17/16 16:56,0,0,14082,14147,11685,671,282,107999,109,1400.0794060684314,310.77792123950934,18.118786313750807,5.331181407359587,2.472562943834732,1.0180761781794707,3.490639122014203,621.9508426966293,262.28370786516854,11.762640449438202,3.0842696629213484,3.3707865168539324,3.3707865168539324,6.741573033707865
92,apache/Trafodion,1,5/24/15,12/20/17,1850,1654,6/20/15 3:00,0,0,12186,4481,7254,243,159,88977,69,969.1554404145078,709.3871206513694,21.31976313841599,2.9652109548482604,6.741672834937083,2.518134715025907,9.25980754996299,909.2043551088777,471.21021775544386,22.014237855946398,2.6398659966499163,6.486599664991624,6.486599664991624,12.973199329983249
93,apache/TVM,1,3/6/19,11/18/20,7309,6557,12/11/16 19:05,0,0,30250,32964,7006,7333,2257,51155,398,658.2704004817826,249.1496537187594,13.253236976814213,6.310147545919904,3.197530864197531,4.329719963866306,7.527250828063837,240.68745762711865,131.57593220338984,9.5,3.9494915254237286,3.1071186440677967,3.1071186440677967,6.214237288135593
94,apache/Twill,1,11/14/13,6/15/16,78,0,8/12/16 12:53,0,0,165,498,294,65,70,13155,26,0,0,0,0,0,0,7.527250828063837,0,0,0,0,0,0,0
95,apache/Unomi,1,10/5/15,2/20/19,357,299,4/25/16 7:31,0,0,362,421,2388,178,91,14941,39,443.2162162162162,71.41891891891892,7.972972972972973,3.175675675675676,0.6486486486486487,0.5675675675675675,1.2162162162162162,504.0952380952381,70.47619047619048,8.523809523809524,3.2222222222222223,0.49206349206349204,0.49206349206349204,0.9841269841269841
96,apache/Usergrid,1,10/3/13,8/19/15,599,465,11/25/13 17:57,0,0,396,280,10954,997,438,383452,78,2827.712250712251,2360.954415954416,39.60683760683761,24.455840455840455,0.7008547008547008,0.5014245014245015,1.2022792022792022,1684.3256704980843,2572.1609195402298,22.38314176245211,9.773946360153257,0.6130268199233716,0.6130268199233716,1.2260536398467432
97,apache/Whirr,1,5/11/10,8/17/11,3,0,12/18/11 18:26,0,0,7,0,569,95,60,9902,10,0,0,0,0,0,0,1.2022792022792022,0,0,0,0,0,0,0
98,apache/Zeppelin,1,12/23/14,5/18/16,4177,26,3/25/15 9:03,0,0,22005,7649,5011,5474,2560,98711,322,369.8955056179775,95.62022471910112,8.58876404494382,5.239325842696629,6.452808988764045,1.5820224719101124,8.034831460674157,0,0,0,0,0,0,0
99,apache/incubator-retired-amaterasu,2,9/7/17,9/18/19,58,47,10/30/17 6:10,0,0,24,62,811,56,25,4663,16,430.57894736842104,398.7368421052632,25.228070175438596,10.631578947368421,0.3684210526315789,0.9649122807017544,1.3333333333333333,404.32608695652175,380.1304347826087,24.47826086956522,11.26086956521739,0.21739130434782608,0.21739130434782608,0.43478260869565216
100,apache/incubator-ariatosca,2,8/27/16,7/1/18,229,170,10/18/16 8:32,0,0,210,1468,190,28,46,1745,12,613.6331877729258,260.75545851528386,15.096069868995633,1.1877729257641922,0.9126637554585153,6.4104803493449785,7.323144104803494,497.31176470588235,208.5,14.288235294117648,1.0235294117647058,0.888235294117647,0.888235294117647,1.776470588235294
101,apache/incubator-retired-blur,2,7/24/12,6/22/17,5,0,6/22/14 11:02,0,0,6,4,5242,32,32,53376,15,197.2,34.4,2.0,1.2,1.0,0.0,1.0,0,0,0,0,0,0,0
102,apache/incubator-retired-concerted,2,10/14/15,4/25/16,3,0,10/25/15 12:46,0,0,4,0,41,9,5,132,3,330.3333333333333,456.6666666666667,21.333333333333332,1.3333333333333333,1.0,0.0,1.0,0,0,0,0,0,0,0
103,apache/incubator-retired-edgent,2,2/29/16,11/20/19,346,324,3/10/16 19:58,0,0,318,242,1398,203,140,25183,18,334.485549132948,233.76878612716763,13.826589595375722,4.043352601156069,0.9132947976878613,0.6705202312138728,1.583815028901734,197.9506172839506,106.63271604938272,10.32716049382716,2.0833333333333335,0.7376543209876543,0.7376543209876543,1.4753086419753085
104,apache/incubator-retired-gearpump,2,3/8/16,9/19/18,243,3,4/15/16 10:22,0,0,731,411,2251,300,95,22289,26,359.3636363636364,155.4297520661157,16.227272727272727,2.56198347107438,2.871900826446281,1.56198347107438,4.433884297520661,93.66666666666667,9.0,2.6666666666666665,1.0,4.666666666666667,4.666666666666667,9.333333333333334
105,apache/incubator-retired-gossip,2,4/28/16,8/21/18,68,48,5/29/16 5:05,0,0,74,162,194,234,111,1420,11,871.1029411764706,87.42647058823529,11.823529411764707,1.5735294117647058,1.088235294117647,2.2941176470588234,3.38235294117647,277.75,79.4375,11.4375,1.1458333333333333,0.7291666666666666,0.7291666666666666,1.4583333333333333
106,apache/incubator-retired-horn,2,9/4/15,7/13/17,31,23,9/24/15 23:13,0,0,13,2,40,28,16,241,3,478.51612903225805,126.58064516129032,9.580645161290322,1.4838709677419355,0.41935483870967744,0.06451612903225806,0.4838709677419355,556.0,138.47826086956522,10.304347826086957,1.0869565217391304,0.13043478260869565,0.13043478260869565,0.2608695652173913
107,apache/incubator-retired-htrace,2,11/11/14,4/11/18,8,2,9/9/15 0:30,0,0,11,10,605,101,65,2769,17,300.875,21.75,3.75,2.125,0.25,0.0,0.25,840.0,1.5,7.5,4.5,0.0,0.0,0.0
108,apache/incubator-retired-iota,2,1/20/16,2/15/18,33,27,5/11/16 1:58,0,0,57,3,190,31,31,3449,7,239.3030303030303,55.27272727272727,7.212121212121212,4.424242424242424,1.5151515151515151,0.0,1.5151515151515151,270.55555555555554,47.96296296296296,7.518518518518518,4.888888888888889,1.3703703703703705,1.3703703703703705,2.740740740740741
109,apache/incubator-retired-mrql,2,3/13/13,8/17/17,33,31,4/21/15 17:55,0,0,9,0,169,16,15,1282,5,221.5151515151515,45.15151515151515,7.333333333333333,1.0606060606060606,0.24242424242424243,0.0,0.24242424242424243,180.7741935483871,44.354838709677416,6.741935483870968,1.064516129032258,0.16129032258064516,0.16129032258064516,0.3225806451612903
110,apache/incubator-myriad,2,3/1/15,1/24/20,131,29,9/27/15 3:58,0,0,309,263,439,153,73,10766,29,1007.8625954198474,682.0534351145038,17.091603053435115,2.6946564885496183,2.0076335877862594,1.618320610687023,3.6259541984732824,577.4137931034483,123.24137931034483,6.827586206896552,1.2758620689655173,0.8620689655172413,0.8620689655172413,1.7241379310344827
111,apache/incubator-retired-openaz,2,1/20/15,8/26/16,4,0,12/3/15 9:07,0,0,12,15,66,15,24,15887,4,15173.333333333334,388.6666666666667,263.6666666666667,1.3333333333333333,0.0,0.0,0.0,0,0,0,0,0,0,0
112,apache/incubator-retired-pirk,2,6/17/16,4/17/17,116,2,7/14/16 4:50,0,0,271,219,183,57,24,439565,8,883.4827586206897,780.1034482758621,15.775862068965518,4.948275862068965,2.293103448275862,1.8275862068965518,4.120689655172414,91.5,3.0,2.0,2.0,2.0,2.0,4.0
113,apache/incubator-retired-quickstep,2,3/29/16,12/1/18,358,302,4/18/16 5:03,0,0,797,1074,970,85,57,12007,21,470.39106145251395,1623.3072625698323,21.3268156424581,1.3966480446927374,2.217877094972067,2.96927374301676,5.187150837988828,393.4801324503311,1342.5728476821191,18.7682119205298,1.1158940397350994,2.0264900662251657,2.0264900662251657,4.052980132450331
114,apache/incubator-retired-ripple,2,10/16/12,12/6/15,72,34,5/14/13 23:30,0,0,157,36,1144,170,60,9435,36,34.93055555555556,12.61111111111111,2.5833333333333335,1.7361111111111112,2.138888888888889,0.5,2.638888888888889,38.029411764705884,5.911764705882353,2.323529411764706,1.088235294117647,1.7058823529411764,1.7058823529411764,3.411764705882353
115,apache/incubator-s2graph,2,11/29/15,11/29/20,183,86,1/12/16 7:22,0,0,269,58,1681,260,65,14439,15,475.60109289617486,231.54644808743168,15.73224043715847,5.551912568306011,1.4207650273224044,0.29508196721311475,1.7158469945355193,406.7674418604651,177.1860465116279,12.372093023255815,4.0,0.6511627906976745,0.6511627906976745,1.302325581395349
116,apache/incubator-retired-s4,2,9/26/11,6/19/14,2,0,3/13/12 17:27,0,0,0,0,237,39,18,26686,5,214.0,191.5,7.0,3.0,0.0,0.0,0.0,0,0,0,0,0,0,0
117,apache/incubator-samoa,2,12/15/14,3/11/21,71,19,1/27/15 12:42,0,0,268,117,118,238,108,6135,18,4351.281690140845,642.3943661971831,44.76056338028169,3.056338028169014,3.23943661971831,1.1830985915492958,4.422535211267606,14306.894736842105,1910.5263157894738,111.6842105263158,2.210526315789474,3.4210526315789473,3.4210526315789473,6.842105263157895
118,apache/Sirona,2,10/15/13,7/3/17,2,0,11/1/13 14:46,0,0,2,0,893,107,55,6825,9,620.0,164.5,45.5,5.5,1.0,0.0,1.0,0,0,0,0,0,0,0
119,apache/incubator-retired-slider,2,4/29/14,5/24/18,2,0,11/10/14 21:28,0,0,0,1,1974,78,75,16472,8,312.0,2.0,9.0,22.5,0.0,0.0,0.0,0,0,0,0,0,0,0
120,apache/incubator-retired-tamaya,2,11/14/14,4/30/20,53,40,12/6/14 12:24,0,0,55,29,1575,43,34,7630,10,171.18867924528303,113.49056603773585,11.81132075471698,1.4528301886792452,1.0377358490566038,0.5471698113207547,1.5849056603773586,99.35,133.275,12.225,1.5,0.85,0.85,1.7
121,apache/incubator-retired-wave,2,12/4/10,1/15/18,25,13,1/12/14 18:10,0,0,105,55,406,185,79,200606,12,4057.4583333333335,6334.625,441.2083333333333,12.458333333333334,4.166666666666667,1.7916666666666667,5.958333333333334,810.3846153846154,6038.384615384615,268.7692307692308,3.923076923076923,4.153846153846154,4.153846153846154,8.307692307692308
122,apache/incubator-weex,2,11/30/16,5/12/21,2382,1712,1/31/17 4:35,0,0,4907,522,12026,14002,1857,282740,196,1681.341052631579,1291.4985263157894,21.431578947368422,11.50778947368421,1.097263157894737,0.21894736842105264,1.3162105263157895,611.4727592267135,467.8471001757469,9.66315172817809,3.804920913884007,0.9724663151728178,0.9724663151728178,1.9449326303456356
